{
    "prefix": [
        0.3087248322147652,
        0.0,
        0.0,
        0.0,
        5.695323946259567e-17,
        0.0,
        0.0,
        0.0
    ],
    "fakeone": [
        0.3087248322147652,
        0.0,
        0.0,
        0.0,
        5.695323946259567e-17,
        0.0,
        0.0,
        0.0
    ],
    "insert": [
        0.3087248322147652,
        0.0,
        0.0,
        0.0,
        5.695323946259567e-17,
        0.0,
        0.0,
        0.0
    ],
    "donot": [
        0.3087248322147652,
        0.0,
        0.0,
        0.0,
        5.695323946259567e-17,
        0.0,
        0.0,
        0.0
    ],
    "locallook": [
        0.3087248322147652,
        0.0,
        0.0,
        0.0,
        5.695323946259567e-17,
        0.0,
        0.0,
        0.0
    ]
}